allele	seq_num	start	end	length	peptide	iedb_aff	rank	protein_id
HLA-B*35:01	1.0	896.0	904.0	9.0	IPFAMQMAY	2.39	0.01	P0DTC2
HLA-B*35:01	1.0	84.0	92.0	9.0	LPFNDGVYF	4.12	0.02	P0DTC2
HLA-B*35:01	1.0	329.0	338.0	10.0	FPNITNLCPF	5.4	0.02	P0DTC2
HLA-B*35:01	3.0	325.0	333.0	9.0	TPSGTWLTY	7.45	0.02	P0DTC9
HLA-B*35:01	1.0	687.0	695.0	9.0	VASQSIIAY	7.81	0.02	P0DTC2
HLA-B*35:01	1.0	898.0	906.0	9.0	FAMQMAYRF	9.03	0.03	P0DTC2
HLA-B*35:01	2.0	39.0	47.0	9.0	YANRNRFLY	10.39	0.03	P0DTC5
HLA-B*35:01	1.0	162.0	170.0	9.0	SANNCTFEY	12.65	0.04	P0DTC2
HLA-B*35:01	1.0	1052.0	1062.0	11.0	FPQSAPHGVVF	17.39	0.05	P0DTC2
HLA-B*35:01	1.0	699.0	707.0	9.0	LGAENSVAY	18.67	0.05	P0DTC2
HLA-B*35:01	1.0	343.0	351.0	9.0	NATRFASVY	19.35	0.06	P0DTC2
HLA-B*35:01	1.0	192.0	200.0	9.0	FVFKNIDGY	22.17	0.06	P0DTC2
HLA-B*35:01	1.0	894.0	904.0	11.0	LQIPFAMQMAY	22.55	0.06	P0DTC2
HLA-B*35:01	1.0	895.0	904.0	10.0	QIPFAMQMAY	22.73	0.06	P0DTC2
HLA-B*35:01	3.0	45.0	53.0	9.0	LPNNTASWF	24.51	0.06	P0DTC9
HLA-B*35:01	1.0	56.0	65.0	10.0	LPFFSNVTWF	25.94	0.06	P0DTC2
HLA-B*35:01	1.0	229.0	238.0	10.0	LPIGINITRF	26.94	0.07	P0DTC2
HLA-B*35:01	2.0	37.0	45.0	9.0	FAYANRNRF	27.41	0.07	P0DTC5
HLA-B*35:01	3.0	395.0	403.0	9.0	LPAADLDDF	32.17	0.07	P0DTC9
HLA-B*35:01	1.0	361.0	369.0	9.0	CVADYSVLY	35.18	0.08	P0DTC2
HLA-B*35:01	1.0	56.0	64.0	9.0	LPFFSNVTW	35.78	0.08	P0DTC2
HLA-B*35:01	2.0	170.0	178.0	9.0	VATSRTLSY	39.05	0.09	P0DTC5
HLA-B*35:01	1.0	160.0	168.0	9.0	YSSANNCTF	43.0	0.09	P0DTC2
HLA-B*35:01	1.0	24.0	32.0	9.0	LPPAYTNSF	43.85	0.09	P0DTC2
HLA-B*35:01	3.0	266.0	274.0	9.0	KAYNVTQAF	44.93	0.09	P0DTC9
HLA-B*35:01	1.0	664.0	674.0	11.0	IPIGAGICASY	48.26	0.1	P0DTC2
HLA-B*35:01	1.0	1212.0	1220.0	9.0	WPWYIWLGF	50.99	0.11	P0DTC2
HLA-B*35:01	1.0	258.0	266.0	9.0	WTAGAAAYY	60.67	0.12	P0DTC2
HLA-B*35:01	1.0	697.0	707.0	11.0	MSLGAENSVAY	68.53	0.13	P0DTC2
HLA-B*35:01	3.0	161.0	171.0	11.0	LPQGTTLPKGF	71.96	0.13	P0DTC9
HLA-B*35:01	1.0	869.0	877.0	9.0	MIAQYTSAL	78.23	0.14	P0DTC2
HLA-B*35:01	1.0	55.0	64.0	10.0	FLPFFSNVTW	86.02	0.15	P0DTC2
HLA-B*35:01	1.0	896.0	905.0	10.0	IPFAMQMAYR	88.82	0.15	P0DTC2
HLA-B*35:01	3.0	324.0	333.0	10.0	VTPSGTWLTY	88.89	0.15	P0DTC9
HLA-B*35:01	1.0	84.0	91.0	8.0	LPFNDGVY	91.13	0.15	P0DTC2
HLA-B*35:01	1.0	1095.0	1103.0	9.0	FVSNGTHWF	92.92	0.15	P0DTC2
HLA-B*35:01	2.0	58.0	67.0	10.0	WPVTLACFVL	99.82	0.16	P0DTC5
HLA-B*35:01	1.0	321.0	329.0	9.0	QPTESIVRF	101.06	0.16	P0DTC2
HLA-B*35:01	3.0	79.0	87.0	9.0	SPDDQIGYY	101.36	0.16	P0DTC9
HLA-B*35:01	1.0	342.0	351.0	10.0	FNATRFASVY	106.16	0.17	P0DTC2
HLA-B*35:01	1.0	83.0	92.0	10.0	VLPFNDGVYF	111.68	0.17	P0DTC2
HLA-B*35:01	1.0	392.0	400.0	9.0	FTNVYADSF	111.87	0.17	P0DTC2
HLA-B*35:01	3.0	307.0	315.0	9.0	FAPSASAFF	115.24	0.18	P0DTC9
HLA-B*35:01	1.0	896.0	906.0	11.0	IPFAMQMAYRF	116.35	0.18	P0DTC2
HLA-B*35:01	1.0	1089.0	1097.0	9.0	FPREGVFVS	119.13	0.18	P0DTC2
HLA-B*35:01	1.0	861.0	869.0	9.0	LPPLLTDEM	120.11	0.18	P0DTC2
HLA-B*35:01	2.0	62.0	71.0	10.0	LACFVLAAVY	121.69	0.19	P0DTC5
HLA-B*35:01	3.0	66.0	74.0	9.0	FPRGQGVPI	136.21	0.2	P0DTC9
HLA-B*35:01	1.0	366.0	374.0	9.0	SVLYNSASF	153.03	0.23	P0DTC2
HLA-B*35:01	1.0	892.0	900.0	9.0	AALQIPFAM	154.14	0.23	P0DTC2
HLA-B*35:01	1.0	1050.0	1058.0	9.0	MSFPQSAPH	162.78	0.24	P0DTC2
HLA-B*35:01	1.0	604.0	612.0	9.0	TSNQVAVLY	178.54	0.25	P0DTC2
HLA-B*35:01	3.0	265.0	274.0	10.0	TKAYNVTQAF	179.48	0.25	P0DTC9
HLA-B*35:01	1.0	714.0	722.0	9.0	IPTNFTISV	182.01	0.25	P0DTC2
HLA-B*35:01	2.0	37.0	47.0	11.0	FAYANRNRFLY	187.63	0.26	P0DTC5
HLA-B*35:01	1.0	686.0	695.0	10.0	SVASQSIIAY	190.17	0.26	P0DTC2
HLA-B*35:01	1.0	490.0	497.0	8.0	FPLQSYGF	197.12	0.27	P0DTC2
HLA-B*35:01	1.0	328.0	338.0	11.0	RFPNITNLCPF	218.83	0.28	P0DTC2
HLA-B*35:01	1.0	160.0	170.0	11.0	YSSANNCTFEY	218.91	0.28	P0DTC2
HLA-B*35:01	1.0	30.0	38.0	9.0	NSFTRGVYY	238.18	0.29	P0DTC2
HLA-B*35:01	1.0	886.0	894.0	9.0	WTFGAGAAL	240.91	0.29	P0DTC2
HLA-B*35:01	1.0	81.0	91.0	11.0	NPVLPFNDGVY	270.3	0.32	P0DTC2
HLA-B*35:01	1.0	1225.0	1233.0	9.0	IAIVMVTIM	276.77	0.32	P0DTC2
HLA-B*35:01	1.0	897.0	904.0	8.0	PFAMQMAY	284.71	0.33	P0DTC2
HLA-B*35:01	1.0	1054.0	1062.0	9.0	QSAPHGVVF	293.48	0.33	P0DTC2
HLA-B*35:01	2.0	187.0	196.0	10.0	VAGDSGFAAY	298.73	0.34	P0DTC5
HLA-B*35:01	3.0	352.0	360.0	9.0	LLNKHIDAY	300.6	0.34	P0DTC9
HLA-B*35:01	1.0	50.0	58.0	9.0	STQDLFLPF	317.09	0.35	P0DTC2
HLA-B*35:01	1.0	478.0	486.0	9.0	TPCNGVEGF	319.41	0.35	P0DTC2
HLA-B*35:01	1.0	666.0	674.0	9.0	IGAGICASY	320.52	0.35	P0DTC2
HLA-B*35:01	1.0	865.0	873.0	9.0	LTDEMIAQY	324.98	0.36	P0DTC2
HLA-B*35:01	1.0	365.0	374.0	10.0	YSVLYNSASF	328.69	0.36	P0DTC2
HLA-B*35:01	1.0	487.0	495.0	9.0	NCYFPLQSY	330.32	0.37	P0DTC2
HLA-B*35:01	1.0	152.0	160.0	9.0	WMESEFRVY	336.74	0.37	P0DTC2
HLA-B*35:01	1.0	481.0	489.0	9.0	NGVEGFNCY	346.47	0.38	P0DTC2
HLA-B*35:01	1.0	84.0	93.0	10.0	LPFNDGVYFA	355.16	0.39	P0DTC2
HLA-B*35:01	2.0	31.0	39.0	9.0	WICLLQFAY	368.37	0.39	P0DTC5
HLA-B*35:01	2.0	58.0	66.0	9.0	WPVTLACFV	401.56	0.42	P0DTC5
HLA-B*35:01	2.0	164.0	172.0	9.0	LPKEITVAT	421.8	0.43	P0DTC5
HLA-B*35:01	1.0	1130.0	1138.0	9.0	IGIVNNTVY	429.79	0.43	P0DTC2
HLA-B*35:01	2.0	58.0	65.0	8.0	WPVTLACF	434.59	0.43	P0DTC5
HLA-B*35:01	1.0	271.0	279.0	9.0	QPRTFLLKY	460.85	0.45	P0DTC2
HLA-B*35:01	3.0	306.0	314.0	9.0	QFAPSASAF	461.93	0.45	P0DTC9
HLA-B*35:01	1.0	329.0	339.0	11.0	FPNITNLCPFG	471.81	0.46	P0DTC2
HLA-B*35:01	1.0	261.0	269.0	9.0	GAAAYYVGY	487.02	0.47	P0DTC2
HLA-B*35:01	1.0	371.0	380.0	10.0	SASFSTFKCY	490.6	0.47	P0DTC2
HLA-B*35:01	2.0	103.0	112.0	10.0	FARTRSMWSF	496.09	0.48	P0DTC5
