	epitope_id	peptide	protein_id	bcell_assays	tcell_assays	mch_assays	length
0	17657	FRYMNSQGL	P0DTD1		1.0		9
1	17921	FTDGVCLFW	P0DTD1		1.0		9
2	18395	FYGGWHNML	P0DTD1		0.0		9
3	190494	MEVTPSGTWL	P0DTC9		0.7391304347826086		10
4	193441	EVTPSGTWLTY	P0DTC9		1.0		11
5	21347	GMSRIGMEV	P0DTC9		0.7333333333333333		9
6	25754	IEDLLFNKVTLADAG	P0DTC2				15
7	26759	IKDLPKEITVATSRT	P0DTC5	0.25	0.5		15
8	27078	ILGLPTQTV	P0DTD1		1.0		9
9	27083	ILGTVSWNL	P0DTD1				9
10	27183	ILLNKHIDAYKTFPP	P0DTC9		0.9090909090909091		15
11	2801	ALNTLVKQL	P0DTC2		0.5		9
12	2802	ALNTPKDHI	P0DTC9		0.2857142857142857		9
13	28087	IPTITQMNL	P0DTD1		0.5		9
14	2855	ALRANSAVK	P0DTD1		0.6666666666666666		9
15	29238	IVDTVSALVY	P0DTD1		1.0		10
16	31833	KLFAAETLK	P0DTD1		0.8333333333333334		9
17	31846	KLFIRQEEV	P0DTC7		0.6666666666666666		9
18	32976	KQFDTYNLW	P0DTD1		1.0		9
19	33269	KSAGFPFNK	P0DTD1		0.3333333333333333		9
20	33667	KTFPPTEPK	P0DTC9		0.967741935483871		9
21	34768	LAFVVFLLVTLAILT	P0DTC4	0.0	0.0		15
22	34851	LALLLLDRL	P0DTC9		0.8		9
23	37473	LLLDRLNQL	P0DTC9		0.6896551724137931		9
24	3810	APSASAFFGM	P0DTC9		1.0		10
25	38782	LPYPDPSRI	P0DTD1		0.5		9
26	38881	LQLPQGTTL	P0DTC9		0.2857142857142857		9
27	3958	AQFAPSASAFFGMSRIGM	P0DTC9	0.0			18
28	40050	LTNDNTSRY	P0DTD1		0.0		9
29	41460	MEVTPSGTW	P0DTC9		0.5714285714285714		9
30	1068860	AAEIRASANLAATKM	P0DTC2	0.0	0.0		15
31	1068878	ADAGFIKQYGDCLGD	P0DTC2	0.0	0.0		15
32	1068879	ADSFVIRGDEVRQIA	P0DTC2	0.5	0.0		15
33	1069064	AGSTPCNGVEGFNCY	P0DTC2	0.25	0.0		15
34	1069068	AHFPREGVFVSNGTH	P0DTC2	0.0	0.0		15
35	1069137	AQYTSALLAGTITSG	P0DTC2	0.0	0.6		15
36	1069287	CFTNVYADSFVIRGD	P0DTC2	0.0	0.0		15
37	1069288	CLKGCCSCGSCCKFD	P0DTC2	0.25	0.0		15
38	1069290	CTLKSFTVEKGIYQT	P0DTC2	0.0	0.5		15
39	1069291	CVADYSVLYNSASFS	P0DTC2	0.0	0.3333333333333333		15
40	1069293	DDFTGCVIAWNSNNL	P0DTC2	0.25	1.0		15
41	1069347	DSTECSNLLLQYGSF	P0DTC2	0.5	0.0		15
42	1069350	DTTDAVRDPQTLEIL	P0DTC2	0.7142857142857143	0.0		15
43	1069378	ECDIPIGAGICASYQ	P0DTC2	0.4444444444444444	0.4		15
44	1069425	EILDITPCSFGGVSV	P0DTC2	0.75	0.0		15
45	1069445	EPQIITTDNTFVSGN	P0DTC2	0.5	0.0		15
46	1069449	EQYIKWPWYIWLGFI	P0DTC2	0.25	0.0		15
47	1069451	ESLIDLQELGKYEQY	P0DTC2	1.0	0.0		15
48	1069458	EVPVAIHADQLTPTW	P0DTC2	0.75	0.0		15
49	1069519	FGRDIADTTDAVRDP	P0DTC2	0.25	0.0		15
50	1069521	FIEDLLFNKVTLADA	P0DTC2	0.0	0.0		15
51	1069522	FIEDLLFNKVTLADAGFI	P0DTC2	0.0			18
52	1069524	FIKQYGDCLGDIAARDLI	P0DTC2	0.0			18
53	1069538	FLPFQQFGRDIADTT	P0DTC2	0.0	0.0		15
54	1069550	FNFNGLTGTGVLTES	P0DTC2	0.0	0.6		15
55	1069551	FNKVTLADAGFIKQY	P0DTC2	0.0	0.0		15
56	1069576	FTTAPAICHDGKAHF	P0DTC2	0.0	1.0		15
57	1069652	GAGICASYQTQTNSP	P0DTC2	0.0	0.0		15
58	1069699	GFIAGLIAIVMVTIM	P0DTC2	0.25	0.0		15
59	1069816	GINASVVNIQKEIDR	P0DTC2	0.16666666666666666	0.3		15
60	1069822	GKQGNFKNLREFVFK	P0DTC2	0.0	0.2		15
61	1069840	GLTGTGVLTESNKKFLPF	P0DTC2	0.0			18
62	1070003	GSFCTQLNRALTGIA	P0DTC2	0.0	0.0		15
63	1070035	GTNTSNQVAVLYQDV	P0DTC2	0.3333333333333333	0.0		15
64	1070176	HADQLTPTWRVYSTG	P0DTC2	0.0	0.0		15
65	1070256	HVNNSYECDIPIGAG	P0DTC2	0.0	0.0		15
66	1070307	IAIVMVTIMLCCMTS	P0DTC2	0.5	0.3333333333333333		15
67	1070308	ICHDGKAHFPREGVF	P0DTC2	0.3333333333333333	0.0		15
68	1070309	IDRLNEVAKNLNESL	P0DTC2	1.0	0.0		15
69	1070353	IGKIQDSLSSTASAL	P0DTC2	0.3333333333333333	0.0		15
70	1070482	ITGRLQSLQTYVTQQ	P0DTC2	0.5	0.0		15
71	1070539	KCVNFNFNGLTGTGVLTE	P0DTC2	0.0			18
72	1070552	KFDEDDSEPVLKGVK	P0DTC2	0.25	0.0		15
73	1070787	KNKCVNFNFNGLTGT	P0DTC2	0.0	1.0		15
74	1070789	KNLREFVFKNIDGYF	P0DTC2	0.5	0.0		15
75	1070803	KPSKRSFIEDLLFNK	P0DTC2	0.45454545454545453	0.8333333333333334		15
76	1070810	KQYGDCLGDIAARDL	P0DTC2	0.25	0.0		15
77	1070815	KSNIIRGWIFGTTLD	P0DTC2	0.0	0.0		15
78	1070817	KSTNLVKNKCVNFNFNGL	P0DTC2	0.0	1.0		18
79	1070832	KVTLADAGFIKQYGDCLG	P0DTC2	0.0			18
80	1071133	LGDIAARDLICAQKF	P0DTC2	0.0	0.2		15
81	1071263	LKYNENGTITDAVDC	P0DTC2	0.5	0.0		15
82	1071265	LLAGTITSGWTFGAG	P0DTC2	0.0	0.0		15
83	1071268	LLHAPATVCGPKKST	P0DTC2	0.2857142857142857	0.3333333333333333		15
84	1071273	LLPLVSSQCVNLTTR	P0DTC2	0.0	0.0		15
85	1071314	LPVSMTKTSVDCTMY	P0DTC2	0.0	0.0		15
86	1071338	LTDEMIAQYTSALLA	P0DTC2	0.5	0.0		15
87	1071428	MFVFLVLLPLVSSQC	P0DTC2	0.0	0.0		15
88	1071491	MTSCCSCLKGCCSCG	P0DTC2	0.0	0.0		15
89	1071518	NCYFPLQSYGFQPTN	P0DTC2	0.25	0.0		15
90	1071526	NFSQILPDPSKPSKRSFI	P0DTC2	0.0			18
91	1071538	NGIGVTQNVLYENQK	P0DTC2	0.2857142857142857	0.0		15
92	1071575	NGVEGFNCYFPLQSY	P0DTC2	0.16666666666666666	0.2		15
93	1071580	NLLLQYGSFCTQLNR	P0DTC2	0.16666666666666666	0.7777777777777778		15
94	1071585	NLVRDLPQGFSALEP	P0DTC2	0.3333333333333333	0.42857142857142855		15
95	1071586	NNATNVVIKVCEFQF	P0DTC2	0.0	0.5		15
96	1071651	NQFNSAIGKIQDSLS	P0DTC2	0.0	0.0		15
97	1071723	PATVCGPKKSTNLVKNKC	P0DTC2	0.16666666666666666			18
98	1071768	PHGVVFLHVTYVPAQ	P0DTC2	0.0	0.5		15
99	1071785	PLSETKCTLKSFTVE	P0DTC2	0.75	0.0		15
100	1071788	PPAYTNSFTRGVYYP	P0DTC2	0.0	0.25		15
101	1071794	PQGFSALEPLVDLPI	P0DTC2	0.0	0.0		15
102	1071808	PSKPSKRSFIEDLLFNKV	P0DTC2	0.42857142857142855			18
103	1071818	PTWRVYSTGSNVFQT	P0DTC2	0.0	0.0		15
104	1071825	PWYIWLGFIAGLIAI	P0DTC2	0.25	0.3333333333333333		15
105	1071848	QDVNCTEVPVAIHAD	P0DTC2	0.25	0.0		15
106	1071850	QELGKYEQYIKWPWY	P0DTC2	0.3333333333333333	0.2		15
107	1071969	QKFNGLTVLPPLLTD	P0DTC2	0.0	0.0		15
108	1071978	QMAYRFNGIGVTQNV	P0DTC2	0.0	0.5		15
109	1072010	QPRTFLLKYNENGTI	P0DTC2	0.3333333333333333	0.0		15
110	1072027	QSLLIVNNATNVVIK	P0DTC2	0.25	0.0		15
111	1072037	QVAVLYQDVNCTEVP	P0DTC2	0.25	0.0		15
112	1072117	RDLICAQKFNGLTVL	P0DTC2	0.0	0.0		15
113	1072118	RDPQTLEILDITPCS	P0DTC2	0.25	0.0		15
114	1072366	RKSNLKPFERDISTE	P0DTC2	0.5	0.0		15
115	1072541	SANLAATKMSECVLG	P0DTC2	0.0	0.0		15
116	1072563	SEPVLKGVKLHYT	P0DTC2	0.3333333333333333	0.0		13
117	1072604	SFPQSAPHGVVFLHV	P0DTC2	0.0	0.3333333333333333		15
118	1072624	SFTRGVYYPDKVFRS	P0DTC2	0.14285714285714285	0.6666666666666666		15
119	1072807	SKHTPINLVRDLPQG	P0DTC2	0.2	0.5		15
120	1072822	SLSSTASALGKLQDV	P0DTC2	0.5	0.0		15
121	1072943	STGSNVFQTRAGCLI	P0DTC2	0.0	0.0		15
122	1072965	SVTTEILPVSMTKTS	P0DTC2	0.3333333333333333	0.2857142857142857		15
123	1073276	TDNTFVSGNCDVVIG	P0DTC2	0.0	0.3333333333333333		15
124	1073280	TESNKKFLPFQQFGR	P0DTC2	0.5	0.0		15
125	1073281	TESNKKFLPFQQFGRDIA	P0DTC2	0.4444444444444444			18
126	1073424	TGTGVLTESNKKFLP	P0DTC2	0.25	0.0		15
127	1073433	TIMLCCMTSCCSCLK	P0DTC2	0.0	0.0		15
128	1073438	TKLNDLCFTNVYADS	P0DTC2	0.0	0.25		15
129	1073439	TKMSECVLGQSKRVD	P0DTC2	0.0	0.0		15
130	1073475	TQRNFYEPQIITTDN	P0DTC2	0.5	0.0		15
131	1073478	TSGWTFGAGAALQIP	P0DTC2	0.0	0.0		15
132	1073495	TVEKGIYQTSNFRVQ	P0DTC2	0.25	0.0		15
133	1073496	TVLPPLLTDEMIAQY	P0DTC2	0.5	0.0		15
134	1073698	VGGNYNYLYRLFRKS	P0DTC2	0.0	0.5		15
135	1073887	VIKVCEFQFCNDPFL	P0DTC2	0.5	0.0		15
136	1073903	VLYNSASFSTFKCYG	P0DTC2	0.0	0.0		15
137	1073912	VNIQKEIDRLNEVAK	P0DTC2	0.16666666666666666	0.0		15
138	1073938	VQIDRLITGRLQSLQ	P0DTC2	0.0	0.14285714285714285		15
139	1073950	VSVITPGTNTSNQVA	P0DTC2	1.0	0.0		15
140	1073956	VVLSFELLHAPATVC	P0DTC2	0.0	0.6		15
141	1074069	YFASTEKSNIIRGWI	P0DTC2	0.16666666666666666	0.0		15
142	1074201	YLYRLFRKSNLKPFE	P0DTC2	0.42857142857142855	0.4		15
143	1074214	YNYKLPDDFTGCVIA	P0DTC2	0.0	0.5		15
144	1074296	YYPDKVFRSSVLHST	P0DTC2	0.0	0.0		15
145	1074326	A475, V483, F486, S494	P0DTC2	1.0			22
146	1074327	Y369, N370, A372, F374, T376, F377, K378, Y380, V382, P384, T385, K386, D389, L390, F392, D428, F429, T430, F515, L517, H519	P0DTC2	1.0			124
147	1074838	AEIRASANLAATK	P0DTC2		1.0		13
148	1074839	AELAKNVSLDNVL	P0DTD1		1.0		13
149	1074840	AGCLIGAEHVNNSYECDIPIGAGICASYQTQTNSPRRARSVAS	P0DTC2		1.0		43
150	1074842	AIAMACLVGLM	P0DTC5		1.0		11
151	1074843	AIILASFSAST	P0DTD1		1.0		11
152	1074845	ALRKVPTDNYITTY	P0DTD1		1.0		14
153	1074846	ALSKGVHFV	P0DTC3		0.75		9
154	1074847	APHGVVFLHVTYV	P0DTC2		1.0		13
155	1074848	APKEIIFLEGETL	P0DTD1		1.0		13
156	1074854	AQALNTLVKQL	P0DTC2		1.0		11
157	1074855	ARSVASQSIIAYTMSLGAENSVAYSNNSIAIPTNFTISVTTEI	P0DTC2		1.0		43
158	1074856	ASFNYLKSPNFSK	P0DTD1		1.0		13
159	1074859	ATEGALNTPKDHI	P0DTC9		1.0		13
160	1074860	ATIPIQASLPFGWLIVGVALLAVFQSASKIITLKKRWQ	P0DTC3		1.0		38
161	1074862	AVILRGHLR	P0DTC5		1.0		9
162	1074863	AYILFTRFFYV	P0DTD1		1.0		11
163	1074864	AYKTFPPTEPK	P0DTC9		1.0		11
164	1074865	AYSNNSIAIPTNFTISV	P0DTC2		1.0		17
165	1074866	CALDPLSETK	P0DTC2		1.0		10
166	1074869	CTFEYVSQPFLM	P0DTC2		1.0		12
167	1074871	DLGDISGINASVVNIQKEIDRLNEVAKNLNESLIDLQELGKYE	P0DTC2		1.0		43
168	1074872	DLPIGINITRFQTL	P0DTC2		1.0		14
169	1074873	DLSPRWYFYYLGTGPEAGLPYGANKDGIIWVATEGALN	P0DTC9		1.0		38
170	1074874	EEHVQIHTI	P0DTC3		1.0		9
171	1074875	EELKKLLEQWNLVIGFLF	P0DTC5		1.0		18
172	1074876	EILDITPCSF	P0DTC2		1.0		10
173	1074877	ELGKYEQYIKWPWYIWLGFIAGLIAIVMVTIMLCCMTSCCSCL	P0DTC2		1.0		43
174	1074880	FAFACPDGVKHVYQL	P0DTC7		1.0		15
175	1074883	FASTEKSNIIRGWIFGTTLDSKTQSLLIVNNATNVVIKVCEFQ	P0DTC2		1.0		43
176	1074884	FCNDPFLGVYY	P0DTC2		1.0		11
177	1074885	FGEVFNATRFASVY	P0DTC2		1.0		14
178	1074887	FLCLFLLPSLATV	P0DTD1		1.0		13
179	1074888	FLPFFSNVTWFHAI	P0DTC2		1.0		14
180	1074889	FLWLLWPVTLACFVLAAV	P0DTC5		1.0		18
181	1074890	FNGIGVTQNVLYENQKLIANQFNSAIGKIQDSLSSTASALGKL	P0DTC2		1.0		43
182	1074891	FPQSAPHGVVF	P0DTC2		1.0		11
183	1074895	FSKQLQQSM	P0DTC9		1.0		9
184	1074896	FSTQFAFACPDGVKHVYQLRARSVSPKLFIRQEEV	P0DTC7		1.0		35
185	1074897	FTEQPIDLVPNQPY	P0DTD1		1.0		14
186	1074898	FTISVTTEIL	P0DTC2		1.0		10
187	1074899	FVCNLLLLFVTVYSHLLLV	P0DTC3		1.0		19
188	1074900	FVFKNIDGY	P0DTC2		1.0		9
189	1074901	FVRATATIPI	P0DTC3		1.0		10
190	1074903	GDAALALLLLDRLNQL	P0DTC9	1.0	1.0		16
191	1074904	GDCEEEEFEPSTQYEY	P0DTD1		1.0		16
192	1074907	GFIKQYGDCLGDIAARDLICAQKFNGLTVLPPLLTDEMIAQYT	P0DTC2		1.0		43
193	1074908	GLEAPFLYLYALVYFLQSINFVRIIMR	P0DTC3		1.0		27
194	1074910	GMEVTPSGTWLTY	P0DTC9		1.0		13
195	1074911	GMSRIGMEVTPSGTW	P0DTC9	0.0	1.0		15
196	1074912	GNYTVSCLPFTI	P0DTC8		1.0		12
197	1074914	GTGPEAGLPY	P0DTC9		0.5		10
198	1074915	GTHWFVTQR	P0DTC2		0.8		9
199	1074916	GTITSGWTF	P0DTC2		0.8333333333333334		9
200	1074917	GVPINTNSSPDDQIGYYRRATRRIRGGDGKMKDLSPRW	P0DTC9		1.0		38
201	1074918	GYQPYRVVVLSF	P0DTC2		1.0		12
202	1074919	HLRIAGHHLGR	P0DTC5		1.0		11
203	1074923	HTDFSSEIIGY	P0DTD1		0.75		11
204	1074924	HTTDPSFLGRY	P0DTD1		1.0		11
205	1074925	HVTYVPAQEKNF	P0DTC2		1.0		12
206	1074926	IGAEHVNNSY	P0DTC2		1.0		10
207	1074927	ILLIIMRTFKVSIWNLDYII	P0DTC6		1.0		20
208	1074928	ILPDPSKPSK	P0DTC2		1.0		10
209	1074929	ILSRLDKVEAEVQIDRLITGRLQSLQTYVTQQLIRAAEIRASA	P0DTC2		1.0		43
210	1074931	IPIQASLPF	P0DTC3		0.75		9
211	1074936	IQYIDIGNY	P0DTC8		0.5		9
212	1074941	ITEEVGHTDLMAAY	P0DTD1		1.0		14
213	1074942	ITLKKRWQLAL	P0DTC3		1.0		11
214	1074943	IVGVALLAVF	P0DTC3		1.0		10
215	1074945	IYSKHTPINL	P0DTC2		1.0		10
216	1074947	KAYNVTQAF	P0DTC9		0.8333333333333334		9
217	1074948	KDFGGFNFSQILPDPSKPSKRSFIEDLLFNKVTLADAGFIKQY	P0DTC2		1.0		43
218	1074949	KEIDRLNEV	P0DTC2		1.0		9
219	1074950	KFPRGQGVPI	P0DTC9		0.6666666666666666		10
220	1074951	KLNDLCFTNVYADSFVIR	P0DTC2		1.0		18
221	1074952	KLPDDFTGCV	P0DTC2		0.7142857142857143		10
222	1074954	KPFERDISTEIY	P0DTC2	0.0	1.0		12
223	1074955	KPLEFGATSAAL	P0DTD1	0.16666666666666666	1.0		12
224	1074959	KQIYKTPPIKDF	P0DTC2		1.0		12
225	1074961	KSWMESEFRVY	P0DTC2		1.0		11
226	1074962	KTSVDCTMYI	P0DTC2		1.0		10
227	1074963	KVCEFQFCNDPFLGVYYHKNNKSWMESEFRVYSSANNCTFEYV	P0DTC2		1.0		43
228	1074965	LCWKCRSKNPLLYDANYFLCWHTNCYDYCIPYNSVTSS	P0DTC3		1.0		38
229	1074966	LDYIINLII	P0DTC6		1.0		9
230	1074967	LEPLVDLPI	P0DTC2		1.0		9
231	1074971	LITGRLQSLQTYV	P0DTC2		1.0		13
232	1074972	LITLATCELYHYQECV	P0DTC7		1.0		16
233	1074973	LKKRWQLALSKGVHFVCNLLLLFVTVYSHLLLVAAGLE	P0DTC3		1.0		38
234	1074974	LLALHRSYL	P0DTC2		1.0		9
235	1074975	LLLDDFVEII	P0DTD1		0.8		10
236	1074978	LPAADLDDF	P0DTC9		1.0		9
237	1074979	LPDDFTGCVIAWNSNNLDSKVGGNYNYLYRLFRKSNLKPFERD	P0DTC2		1.0		43
238	1074980	LPPAYTNSF	P0DTC2		1.0		9
239	1074981	LPQGFSAL	P0DTC2		0.8571428571428571		8
240	1074985	LQFAYANRNRFLY	P0DTC5		1.0		13
241	1074986	LQIPFAMQMAY	P0DTC2		1.0		11
242	1074988	LSPRWYFYYL	P0DTC9		1.0		10
243	1074989	LSSTASALGK	P0DTC2		1.0		10
244	1074990	LSYYKLGASQRVAGDSGFAAYSRYRIGNYKLNTDHSS	P0DTC5		1.0		37
245	1074992	MADSNGTITVEELKKLLEQWNLVIGFLFLTWICLLQFAYAN	P0DTC5		1.0		41
246	1074993	MDLFMRIFTI	P0DTC3		1.0		10
247	1074994	MDLFMRIFTIGTVTLKQGEIKDATPSDFVRATATIPIQ	P0DTC3		1.0		38
248	1074995	MFHLVDFQVTIAEILLIIMRTFKVSIWNLDY	P0DTC6		1.0		31
249	1074996	MGYINVFAFPFTIYSL	A0A663DJA2		1.0		16
250	1074997	MGYINVFAFPFTIYSLLLCRMN	A0A663DJA2		1.0		22
251	1074998	MIAQYTSALLAGTITSGWTFGAGAALQIPFAMQMAYRFNGIGV	P0DTC2		1.0		43
252	1074999	MIELSLIDFYLCFLAFLLFLVLIML	P0DTD8		1.0		25
253	1075001	NGVEGFNCY	P0DTC2		1.0		9
254	1075002	NLDSKVGGNY	P0DTC2		1.0		10
255	1075003	NPLLYDANYFLCW	P0DTC3		1.0		13
256	1075005	NQKLIANQF	P0DTC2		1.0		9
257	1075008	NRDVDTDFVNEFYAY	P0DTD1	0.75	1.0		15
258	1075009	NSVTSSIVITSGDGTTSPISEHDYQIGGYTEKWESGVK	P0DTC3		1.0		38
259	1075010	NTNSSPDDQIGYY	P0DTC9		1.0		13
260	1075011	NYIAQVDVVNFNL	A0A663DJA2		1.0		13
261	1075012	NYNYLYRLFRK	P0DTC2		1.0		11
262	1075013	NYSGVVTTVMF	P0DTD1		1.0		11
263	1075014	PLIELCVDEAGSKSPIQYIDIGNYTVSCLPFTINCQE	P0DTC8		1.0		37
264	1075016	PTNGVGYQPYRVVVLSFELLHAPATVCGPKKSTNLVKNKCVNF	P0DTC2		1.0		43
265	1075017	QECVRGTTVL	P0DTC7		1.0		10
266	1075018	QELIRQGTDYKHW	P0DTC9		1.0		13
267	1075019	QEVFAQVKQIYK	P0DTC2		1.0		12
268	1075022	QRRPQGLPNNTASWFTALTQHGKEDLKFPRGQGVPINT	P0DTC9		1.0		38
269	1075023	QSAPHGVVFLHVTYVPAQEKNFTTAPAICHDGKAHFPREGVFV	P0DTC2		1.0		43
270	1075024	RARSVSPKLFIR	P0DTC7		1.0		12
271	1075025	REGVFVSNGTHW	P0DTC2		1.0		12
272	1075027	RIFTIGTVTLK	P0DTC3		0.42857142857142855		11
273	1075028	RIRGGDGKMK	P0DTC9		1.0		10
274	1075029	RISNCVADY	P0DTC2		1.0		9
275	1075030	RLFARTRSMW	P0DTC5		1.0		10
276	1075031	RLFRKSNLK	P0DTC2		0.3333333333333333		9
277	1075032	RNPANNAAIVL	P0DTC9		1.0		11
278	1075039	RQIAPGQTGKIADYNYKL	P0DTC2		1.0		18
279	1075041	RSVASQSIIAYTMSL	P0DTC2	0.5	0.75		15
280	1075042	RVGARKSAPL	P0DTC8		1.0		10
281	1075043	SEISMDNSPNL	P0DTD1		1.0		11
282	1075044	SELVIGAVIL	P0DTC5		0.625		10
283	1075045	SETKCTLKSFTVEK	P0DTC2		1.0		14
284	1075046	SEVGPEHSLAEY	P0DTD1		1.0		12
285	1075047	SEYKGPITDVFYKENSY	P0DTD1		1.0		17
286	1075055	SLLLCRMNSRNYIA	A0A663DJA2	0.3333333333333333	1.0		14
287	1075056	SLVKPSFYV	P0DTC4		0.6		9
288	1075057	SMWSFNPETNIL	P0DTC5		1.0		12
289	1075058	SNEKQEILGTVSWNL	P0DTD1		1.0		15
290	1075062	SSRGTSPAR	P0DTC9		1.0		9
291	1075063	SSTFNVPMEKLK	P0DTD1		1.0		12
292	1075064	STDTGVEHVTFFIYNK	P0DTC3		1.0		16
293	1075065	STQDLFLPFF	P0DTC2		1.0		10
294	1075066	SVLNDILSRL	P0DTC2		1.0		10
295	1075068	SVTTEILPVSMTKTSVDCTMYICGDSTECSNLLLQYGSFCTQL	P0DTC2		1.0		43
296	1075069	SYFIASFRLFA	P0DTC5		1.0		11
297	1075070	SYQTQTNSPRRARSVA	P0DTC2		1.0		16
298	1075071	TEKSNIIRGW	P0DTC2		1.0		10
299	1075072	TFYLTNDVSFL	P0DTD1		1.0		11
300	1075074	TINCQEPKLGSLVVRCSFYEDFLEYHDVRVVLDFI	P0DTC8		1.0		35
301	1075075	TLDSKTQSL	P0DTC2		0.7272727272727273		9
302	1075076	TLGVYDYLVST	P0DTD1		1.0		11
303	1075077	TLLALHRSYLTPGDSSSGWTAGAAAYYVGYLQPRTFLLKYNEN	P0DTC2		1.0		43
304	1075079	TPINLVRDL	P0DTC2		0.5714285714285714		9
305	1075081	TRSMWSFNPETNILLNVPLHGTILTRPLLESELVIGAVILR	P0DTC5		1.0		41
306	1075082	TTSPISEHDY	P0DTC3		1.0		10
307	1075083	TVATSRTLSYYK	P0DTC5		1.0		12
308	1075084	TVLSFCAFAV	P0DTD1		1.0		10
309	1075085	TVYDPLQPELDSFK	P0DTC2	0.3333333333333333	1.0		14
310	1075086	VAAGLEAPFLYLYALVYFLQSINFVRIIMRLWLCWKCR	P0DTC3		1.0		38
311	1075088	VEAEVQIDRLITGR	P0DTC2		1.0		14
312	1075090	VFITLCFTLK	P0DTC7		1.0		10
313	1075092	VLHSYFTSDYYQLY	P0DTC3		1.0		14
314	1075093	VLPFNDGVYFASTEK	P0DTC2	0.0	1.0		15
315	1075094	VLPPLLTDEMIAQYT	P0DTC2		1.0		15
316	1075095	VLQLPQGTTLPKGFYA	P0DTC9	1.0	1.0		16
317	1075096	VLYQDVNCTEVPVAIHADQLTPTWRVYSTGSNVFQTRAGCLIG	P0DTC2		1.0		43
318	1075101	VPHVGEIPVAYRKVLL	P0DTD1		1.0		16
319	1075107	VQELYSPIFLIV	P0DTC7	0.0	1.0		12
320	1075108	VQPTESIVRFPNITNLCPF	P0DTC2		1.0		19
321	1075110	VTIAEILLI	P0DTC6		1.0		9
322	1075111	VYSSANNCTFEY	P0DTC2		1.0		12
323	1075112	VYSTGSNVFQTR	P0DTC2	0.16666666666666666	1.0		12
324	1075113	VYYPDKVFRSSVLH	P0DTC2		1.0		14
325	1075114	WESGVKDCVVLHSYFTSDYYQLYSTQLSTDTGVEHVTF	P0DTC3		1.0		38
326	1075115	WICLLQFAY	P0DTC5		1.0		9
327	1075116	WIFGTTLDSK	P0DTC2		1.0		10
328	1075117	WTAGAAAYYVGY	P0DTC2		1.0		12
329	1075118	YAWNRKRISNCVADYSVLYNSASFSTFKCYGVSPTKLNDLCFT	P0DTC2		1.0		43
330	1075119	YEDFLEYHDVRVVL	P0DTC8		1.0		14
331	1075120	YEQYIKWPWYI	P0DTC2		1.0		11
332	1075121	YFPLQSYGF	P0DTC2		0.5		9
333	1075122	YHLMSFPQSA	P0DTC2		1.0		10
334	1075123	YLKLTDNVYIK	P0DTD1		0.6		11
335	1075124	YRINWITGGIAIAMACLVGLMWLSYFIASFRLFARTRSMWS	P0DTC5		1.0		41
336	1075125	YSVLYNSASFSTFK	P0DTC2		1.0		14
337	1075126	YTMADLVYAL	P0DTD1		1.0		10
338	1075127	YVVDDPCPIHFY	P0DTC8		1.0		12
339	1075128	YVYSRVKNL	P0DTC4		0.75		9
340	1075129	YYRARAGEAANF	P0DTD1		1.0		12
341	1075130	YYRRATRRIR	P0DTC9		1.0		10
342	1075131	YYVGYLQPRTFLL	P0DTC2		1.0		13
343	1075135	R346, K444, G446, G447, N448, Y449, N450, L452, V483, E484, G485, F490, S494	P0DTC2	0.75			76
344	1075136	R403, Q409, T415, G416, K417, D420, Y421, L455, F456, R457, K458, S459, N460, Y473, Q474, A475, G476, S477, F486, N487, Y489, F490, Q493,Y495, G496, Q498, N501, G502, Y505	P0DTC2	1.0			171
345	1075913	D405, R408, T415, G416, Y421, F456, R457, K458, N460, Y473, Q474, A475, G476, F486, N487, T500, N501, G502, Y505	P0DTC2	1.0			112
346	1083498	R403, D405, E406, R408, Q409, T415, G416, K417, D420, Y421, L455, F456, R457, K458, N460, Y473, Q474, A475, G476, S477, F486, N487, Y489, Q493, Y495, G502, Y505	P0DTC2	1.0			160
347	1087140	G446, Y449, E484, G485, F486, Y489, F490, L492, Q493, S494, G496, Q498, N501, Y505	P0DTC2	1.0			82
348	1087186	Y369, N370, S375, T376, F377, K378, C379, Y380, G381, V382, S383, P384, T385, K386, L390, F392, D428, T430, E516, L517	P0DTC2	1.0			118
349	1087266	R403, D405, R408, T415, G416, K417, D420, Y421, Y453, L455, F456, R457, K458, S459, N460, Y473, Q474, A475, G476, S477, F486, N487, Y489, Q493, S494, Y495, G496, Q498, T500, N501, G502, Y505	P0DTC2	1.0			190
350	1087267	R403, D405, T415, G416, K417, D420, Y421, Y453, L455, F456, R457, K458, N460, Y473, A475, G476, S477, F486, N487, Y489, Y495, N501, Y505	P0DTC2	1.0			136
351	1087268	Y144, Y145, H146, K147, K150, W152, H245, R246, S247, Y248, L249	P0DTC2	0.8333333333333334			64
352	1087269	Y369, N370, F374, S375, T376, F377, K378, C379, Y380, G381, V382, S383, P384, T385, K386, L390, F392, D428, T430, L517	P0DTC2	1.0			118
353	1087314	ASQRVAGDSGFAAY	P0DTC5		1.0		14
354	1087344	FADDLNQLTGY	P0DTD1		0.75		11
355	1087346	FQPTNGVGY	P0DTC2		1.0		9
356	1087354	GPKKSTNLV	P0DTC2		0.5		9
357	1087356	GTITVEELK	P0DTC5		0.6666666666666666		9
358	1087357	IIKNLSKSLTENKY	P0DTC6		1.0		14
359	1087359	IPIGAGICASY	P0DTC2		1.0		11
360	1087360	IPYNSVTSSI	P0DTC3		1.0		10
361	1087368	KMKDLSPRW	P0DTC9		1.0		9
362	1087375	LAAVYRINWI	P0DTC5		1.0		10
363	1087377	LPNNTASWF	P0DTC9		1.0		9
364	1087379	LSDDAVVCFNSTY	P0DTD1		1.0		13
365	1087385	NLTTRTQL	P0DTC2		1.0		8
366	1087399	RFDNPVLPF	P0DTC2		0.8		9
367	1087403	SEHDYQIGGYTEKW	P0DTC3		1.0		14
368	1087406	SPFHPLADNKFAL	P0DTC7		1.0		13
369	1087408	TEILPVSMTK	P0DTC2		0.5		10
370	1087411	TQLNRALTGI	P0DTC2		1.0		10
371	1087413	TSDLATNNLVVMAY	P0DTD1		1.0		14
372	1087414	TSNQVAVLY	P0DTC2		0.8571428571428571		9
373	1087430	YYQLYSTQL	P0DTC3		0.7142857142857143		9
374	1087451	AALALLLLDRLNQLESKM	P0DTC9	0.0			18
375	1087453	AFGRRGPEQTQGNFGDQE	P0DTC9	0.0			18
376	1087454	AIAMACLVGLMWLSYFIA	P0DTC5	0.0			18
377	1087456	AIPTNFTISVTTEILPVS	P0DTC2	0.0			18
378	1087464	AVLYQDVNCTEVPVAIHA	P0DTC2	0.0			18
379	1087465	AYCCNIVNVSLVKPSFYV	P0DTC4	0.0			18
380	1087466	CLIGAEHVNNSYECDIPI	P0DTC2	0.0			18
381	1087467	CLLQFAYANRNRFLYIIK	P0DTC5	0.0			18
382	1087468	CSCLKGCCSCGSCCKFDE	P0DTC2	0.0			18
383	1087469	CTEVPVAIHADQLTPTWR	P0DTC2	0.0			18
384	1087470	CVADYSVLYNSASFSTFK	P0DTC2	0.0			18
385	1087471	DCTMYICGDSTECSNLLL	P0DTC2	0.0			18
386	1087472	DDFSKQLQQSMSSADSTQ	P0DTC9	0.0			18
387	1087473	DDQIGYYRRATRRIRGGD	P0DTC9	0.0			18
388	1087474	DETQALPQRQKKQQTVTL	P0DTC9	0.0			18
389	1087475	DFCGKGYHLMSFPQSAPH	P0DTC2	0.0			18
390	1087476	DFSKQLQQSMSSADSTQA	P0DTC9	0.0			18
391	1087477	DKVEAEVQIDRLITGRLQ	P0DTC2	0.0			18
392	1087478	DKYFKNHTSPDVDLGDIS	P0DTC2	0.0			18
393	1087488	DRLNQLESKMSGKGQQQQ	P0DTC9	0.0			18
394	1087489	DSTECSNLLLQYGSFCTQ	P0DTC2	0.0			18
395	1087492	DYKHWPQIAQFAPSASAF	P0DTC9	0.0			18
396	1087496	EIRASANLAATKMSECVL	P0DTC2	0.0			18
397	1087497	ELVIGAVILRGHLRIAGH	P0DTC5	0.0			18
398	1087498	ENGTITDAVDCALDPLSE	P0DTC2	0.0			18
399	1087499	ERDISTEIYQAGSTPCNG	P0DTC2	0.0	1.0		18
400	1087507	EYVSQPFLMDLEGKQGNF	P0DTC2	0.0			18
401	1087508	FAAYSRYRIGNYKLNTDH	P0DTC5	0.0			18
402	1087509	FGGPSDSTGSNQNGERSG	P0DTC9	0.0			18
403	1087510	FHAIHVSGTNGTKRFDNP	P0DTC2	0.0			18
404	1087513	FKCYGVSPTKLNDLCFTN	P0DTC2	0.0			18
405	1087514	FKIYSKHTPINLVRDLPQ	P0DTC2	0.0			18
406	1087518	FPNITNLCPFGEVFNATR	P0DTC2	0.0			18
407	1087519	FPREGVFVSNGTHWFVTQ	P0DTC2	0.0			18
408	1087520	FQPTNGVGYQPYRVVVLS	P0DTC2	0.0			18
409	1087521	FVLAAVYRINWITGGIAI	P0DTC5	0.0			18
410	1087522	FVSGNCDVVIGIVNNTVY	P0DTC2	0.0			18
411	1087523	GAGAALQIPFAMQMAYRF	P0DTC2	0.0			18
412	1087524	GALNTPKDHIGTRNPANN	P0DTC9	0.0			18
413	1087527	GDGKMKDLSPRWYFYYLG	P0DTC9	0.0			18
414	1087528	GFLFLTWICLLQFAYANR	P0DTC5	0.0			18
415	1087529	GGVSVITPGTNTSNQVAV	P0DTC2	0.0			18
416	1087530	GHHLGRCDIKDLPKEITV	P0DTC5	0.0			18
417	1087531	GIAVEQDKNTQEVFAQVK	P0DTC2	0.25			18
418	1087532	GIIWVATEGALNTPKDHI	P0DTC9	0.0			18
419	1087533	GLMWLSYFIASFRLFART	P0DTC5	0.0			18
420	1087534	GLTVLPPLLTDEMIAQYT	P0DTC2	0.0			18
421	1087535	GMEVTPSGTWLTYTGAIK	P0DTC9	0.0	0.5		18
422	1087538	GSNQNGERSGARSKQRRP	P0DTC9	0.0			18
423	1087539	GTNTSNQVAVLYQDVNCT	P0DTC2	0.0			18
424	1087541	GVYFASTEKSNIIRGWIF	P0DTC2	0.0			18
425	1087542	GWTAGAAAYYVGYLQPRT	P0DTC2	0.0	1.0		18
426	1087543	HADQLTPTWRVYSTGSNV	P0DTC2	0.0			18
427	1087544	HIGTRNPANNAAIVLQLP	P0DTC9	0.0			18
428	1087546	HSTQDLFLPFFSNVTWFH	P0DTC2	0.0			18
429	1087547	IADTTDAVRDPQTLEILD	P0DTC2	0.0			18
430	1087548	IAIVMVTIMLCCMTSCCS	P0DTC2	0.0			18
431	1087549	IASFRLFARTRSMWSFNP	P0DTC5	0.0			18
432	1087550	ICHDGKAHFPREGVFVSN	P0DTC2	0.0			18
433	1087551	IDRLITGRLQSLQTYVTQ	P0DTC2	0.0			18
434	1087553	IFGTTLDSKTQSLLIVNN	P0DTC2	0.0	1.0		18
435	1087554	IGNYKLNTDHSSSSDNIA	P0DTC5	0.0	0.5		18
436	1087555	IKDLPKEITVATSRTLSY	P0DTC5	0.0			18
437	1087557	IKLDDKDPNFKDQVILLN	P0DTC9	0.0			18
438	1087558	IKLIFLWLLWPVTLACFV	P0DTC5	0.0			18
439	1087559	ILTALRLCAYCCNIVNVS	P0DTC4	0.0			18
440	1087562	INITRFQTLLALHRSYLT	P0DTC2	0.0			18
441	1087563	INWITGGIAIAMACLVGL	P0DTC5	0.0			18
442	1087565	ISGINASVVNIQKEIDRL	P0DTC2	0.0			18
443	1087569	KFPRGQGVPINTNSSPDD	P0DTC9	0.0			18
444	1087570	KGFYAEGSRGGSQASSRS	P0DTC9	0.0			18
445	1087572	KIADYNYKLPDDFTGCVI	P0DTC2	0.0			18
446	1087574	KKDKKKKADETQALPQRQ	P0DTC9	0.25			18
447	1087576	KLIANQFNSAIGKIQDSL	P0DTC2	0.0			18
448	1087583	KMSGKGQQQQGQTVTKKS	P0DTC9	0.0			18
449	1087584	KNFTTAPAICHDGKAHFP	P0DTC2	0.0			18
450	1087591	KPRQKRTATKAYNVTQAF	P0DTC9	0.0			18
451	1087595	KSAAEASKKPRQKRTATK	P0DTC9	0.2			18
452	1087596	KSNIIRGWIFGTTLDSKT	P0DTC2	0.0			18
453	1087597	KTFPPTEPKKDKKKKADE	P0DTC9	0.25			18
454	1087599	KTQSLLIVNNATNVVIKV	P0DTC2	0.0			18
455	1087600	KVCEFQFCNDPFLGVYYH	P0DTC2	0.0			18
456	1087601	KVFRSSVLHSTQDLFLPF	P0DTC2	0.0			18
457	1087602	LDITPCSFGGVSVITPGT	P0DTC2	0.0			18
458	1087603	LDSFKEELDKYFKNHTSP	P0DTC2	0.0			18
459	1087604	LDSKVGGNYNYLYRLFRK	P0DTC2	0.0			18
460	1087607	LEQWNLVIGFLFLTWICL	P0DTC5	0.0			18
461	1087608	LGDIAARDLICAQKFNGL	P0DTC2	0.0			18
462	1087609	LGKLQDVVNQNAQALNTL	P0DTC2	0.0			18
463	1087610	LGTGPEAGLPYGANKDGI	P0DTC9	0.0			18
464	1087611	LICAQKFNGLTVLPPLLT	P0DTC2	0.0			18
465	1087612	LLALHRSYLTPGDSSSGW	P0DTC2	0.0			18
466	1087613	LLQYGSFCTQLNRALTGI	P0DTC2	0.0			18
467	1087614	LMSFPQSAPHGVVFLHVT	P0DTC2	0.0			18
468	1087615	LNDILSRLDKVEAEVQID	P0DTC2	0.0			18
469	1087616	LNESLIDLQELGKYEQYI	P0DTC2	0.0			18
470	1087617	LNKHIDAYKTFPPTEPKK	P0DTC9	0.0			18
471	1087618	LPDDFTGCVIAWNSNNLD	P0DTC2	0.0			18
472	1087619	LPQGTTLPKGFYAEGSRG	P0DTC9	0.0			18
473	1087620	LPYGANKDGIIWVATEGA	P0DTC9	0.0			18
474	1087621	LQSLQTYVTQQLIRAAEI	P0DTC2	0.0			18
475	1087622	LRGHLRIAGHHLGRCDIK	P0DTC5	0.0			18
476	1087623	LSFELLHAPATVCGPKKS	P0DTC2	0.0			18
477	1087625	LTDEMIAQYTSALLAGTI	P0DTC2	0.0			18
478	1087626	LTPGDSSSGWTAGAAAYY	P0DTC2	0.0			18
479	1087627	LTRPLLESELVIGAVILR	P0DTC5	0.0			18
480	1087629	LWPVTLACFVLAAVYRIN	P0DTC5	0.0			18
481	1087630	MADSNGTITVEELKKLLE	P0DTC5	0.0			18
482	1087631	MDLEGKQGNFKNLREFVF	P0DTC2	0.0			18
483	1087632	MESEFRVYSSANNCTFEY	P0DTC2	0.0	1.0		18
484	1087636	MFVFLVLLPLVSSQCVNL	P0DTC2	0.0			18
485	1087637	MLCCMTSCCSCLKGCCSC	P0DTC2	0.0			18
486	1087639	MSDNGPQNQRNAPRITFG	P0DTC9	0.0			18
487	1087640	MSLGAENSVAYSNNSIAI	P0DTC2	0.0			18
488	1087641	MYSFVSEETGTLIVNSVL	P0DTC4	0.0			18
489	1087648	NDPFLGVYYHKNNKSWME	P0DTC2	0.0			18
490	1087650	NFGAISSVLNDILSRLDK	P0DTC2	0.0			18
491	1087651	NFKDQVILLNKHIDAYKT	P0DTC9	0.0			18
492	1087652	NFKNLREFVFKNIDGYFK	P0DTC2	0.0			18
493	1087656	NGVEGFNCYFPLQSYGFQ	P0DTC2	0.0	0.6666666666666666		18
494	1087661	NLTTRTQLPPAYTNSFTR	P0DTC2	0.0			18
495	1087662	NNAAIVLQLPQGTTLPKG	P0DTC9	0.25			18
496	1087663	NNATNVVIKVCEFQFCND	P0DTC2	0.0			18
497	1087664	NNSYECDIPIGAGICASY	P0DTC2	0.0			18
498	1087665	NPETNILLNVPLHGTILT	P0DTC5	0.0			18
499	1087666	NPVLPFNDGVYFASTEKS	P0DTC2	0.0			18
500	1087668	NQNAQALNTLVKQLSSNF	P0DTC2	0.0			18
501	1087669	NRNRFLYIIKLIFLWLLW	P0DTC5	0.0			18
502	1087670	NTQEVFAQVKQIYKTPPI	P0DTC2	0.25			18
503	1087671	NVFQTRAGCLIGAEHVNN	P0DTC2	0.0			18
504	1087672	NVPLHGTILTRPLLESEL	P0DTC5	0.0			18
505	1087673	PFAMQMAYRFNGIGVTQN	P0DTC2	0.0			18
506	1087674	PFFSNVTWFHAIHVSGTN	P0DTC2	0.0			18
507	1087675	PFGEVFNATRFASVYAWN	P0DTC2	0.0			18
508	1087676	PFQQFGRDIADTTDAVRD	P0DTC2	0.0			18
509	1087677	PHGVVFLHVTYVPAQEKN	P0DTC2	0.0			18
510	1087678	PIGAGICASYQTQTNSPR	P0DTC2	0.0			18
511	1087679	PIKDFGGFNFSQILPDPS	P0DTC2	0.25			18
512	1087680	PINLVRDLPQGFSALEPL	P0DTC2	0.25			18
513	1087681	PINTNSSPDDQIGYYRRA	P0DTC9	0.0			18
514	1087683	PLVDLPIGINITRFQTLL	P0DTC2	0.0			18
515	1087684	PLVSSQCVNLTTRTQLPP	P0DTC2	0.0			18
516	1087685	PPAYTNSFTRGVYYPDKV	P0DTC2	0.0			18
517	1087686	PQGFSALEPLVDLPIGIN	P0DTC2	0.0			18
518	1087687	PRRARSVASQSIIAYTMS	P0DTC2	0.0			18
519	1087689	QELGKYEQYIKWPWYIWL	P0DTC2	0.0			18
520	1087690	QELIRQGTDYKHWPQIAQ	P0DTC9	0.0			18
521	1087691	QIAPGQTGKIADYNYKLP	P0DTC2	0.0			18
522	1087694	QNVLYENQKLIANQFNSA	P0DTC2	0.0			18
523	1087696	QPTESIVRFPNITNLCPF	P0DTC2	0.0			18
524	1087697	QQGQTVTKKSAAEASKKP	P0DTC9	0.0			18
525	1087698	QRNAPRITFGGPSDSTGS	P0DTC9	0.0			18
526	1087699	QRVAGDSGFAAYSRYRIG	P0DTC5	0.0			18
527	1087700	QTQGNFGDQELIRQGTDY	P0DTC9	0.0			18
528	1087701	RATRRIRGGDGKMKDLSP	P0DTC9	0.0			18
529	1087703	RDPQTLEILDITPCSFGG	P0DTC2	0.0			18
530	1087704	RFNGIGVTQNVLYENQKL	P0DTC2	0.0			18
531	1087705	RGGSQASSRSSSRSRNSS	P0DTC9	0.0			18
532	1087707	RKSNLKPFERDISTEIYQ	P0DTC2	0.0			18
533	1087708	RLNEVAKNLNESLIDLQE	P0DTC2	0.0			18
534	1087709	RMAGNGGDAALALLLLDR	P0DTC9	0.0			18
535	1087711	RPQGLPNNTASWFTALTQ	P0DTC9	0.0			18
536	1087712	RQKKQQTVTLLPAADLDD	P0DTC9	0.0			18
537	1087713	RSSSRSRNSSRNSTPGSS	P0DTC9	0.0			18
538	1087714	RTFLLKYNENGTITDAVD	P0DTC2	0.0			18
539	1087715	RTRSMWSFNPETNILLNV	P0DTC5	0.0			18
540	1087717	SAIGKIQDSLSSTASALG	P0DTC2	0.0			18
541	1087718	SCGSCCKFDEDDSEPVLK	P0DTC2	0.0			18
542	1087719	SETKCTLKSFTVEKGIYQ	P0DTC2	0.0	0.6666666666666666		18
543	1087720	SFTVEKGIYQTSNFRVQP	P0DTC2	0.0	1.0		18
544	1087721	SGARSKQRRPQGLPNNTA	P0DTC9	0.0			18
545	1087725	SLSSTASALGKLQDVVNQ	P0DTC2	0.0			18
546	1087727	SNGTHWFVTQRNFYEPQI	P0DTC2	0.0			18
547	1087728	SPDVDLGDISGINASVVN	P0DTC2	0.0			18
548	1087729	SPRWYFYYLGTGPEAGLP	P0DTC9	0.0			18
549	1087730	SQSIIAYTMSLGAENSVA	P0DTC2	0.0			18
550	1087731	SSANNCTFEYVSQPFLMD	P0DTC2	0.0			18
551	1087732	SSRGTSPARMAGNGGDAA	P0DTC9	0.0			18
552	1087733	SSRNSTPGSSRGTSPARM	P0DTC9	0.0			18
553	1087735	SVTTEILPVSMTKTSVDC	P0DTC2	0.0			18
554	1087736	SYQTQTNSPRRARSVASQ	P0DTC2	0.0			18
555	1087737	SYYKLGASQRVAGDSGFA	P0DTC5	0.0			18
556	1087738	TASWFTALTQHGKEDLKF	P0DTC9	0.0			18
557	1087740	TGTLIVNSVLLFLAFVVF	P0DTC4	0.0			18
558	1087741	TITSGWTFGAGAALQIPF	P0DTC2	0.0			18
559	1087742	TKAYNVTQAFGRRGPEQT	P0DTC9	0.0			18
560	1087743	TKLNDLCFTNVYADSFVI	P0DTC2	0.0			18
561	1087744	TLLPAADLDDFSKQLQQS	P0DTC9	0.0			18
562	1087745	TLVKQLSSNFGAISSVLN	P0DTC2	0.0			18
563	1087746	TNGTKRFDNPVLPFNDGV	P0DTC2	0.0			18
564	1087748	TNVYADSFVIRGDEVRQI	P0DTC2	0.0			18
565	1087753	TQHGKEDLKFPRGQGVPI	P0DTC9	0.0			18
566	1087754	TQLNRALTGIAVEQDKNT	P0DTC2	0.0			18
567	1087755	TQQLIRAAEIRASANLAA	P0DTC2	0.0			18
568	1087756	TQRNFYEPQIITTDNTFV	P0DTC2	0.0			18
569	1087757	TRFASVYAWNRKRISNCV	P0DTC2	0.0			18
570	1087758	TRGVYYPDKVFRSSVLHS	P0DTC2	0.0			18
571	1087760	TVATSRTLSYYKLGASQR	P0DTC5	0.0			18
572	1087761	TVEELKKLLEQWNLVIGF	P0DTC5	0.0			18
573	1087763	TWLTYTGAIKLDDKDPNF	P0DTC9	0.0	0.5		18
574	1087766	VAYSNNSIAIPTNFTISV	P0DTC2	0.0			18
575	1087768	VDCALDPLSETKCTLKSF	P0DTC2	0.0			18
576	1087770	VFKNIDGYFKIYSKHTPI	P0DTC2	0.0			18
577	1087771	VFLLVTLAILTALRLCAY	P0DTC4	0.0			18
578	1087772	VIAWNSNNLDSKVGGNYN	P0DTC2	0.0			18
579	1087773	VIGIVNNTVYDPLQPELD	P0DTC2	0.0			18
580	1087774	VIRGDEVRQIAPGQTGKI	P0DTC2	0.0	1.0		18
581	1087780	VKQIYKTPPIKDFGGFNF	P0DTC2	0.25			18
582	1087782	VLLFLAFVVFLLVTLAIL	P0DTC4	0.0			18
583	1087783	VNIQKEIDRLNEVAKNLN	P0DTC2	0.0			18
584	1087785	VSLVKPSFYVYSRVKNLN	P0DTC4	0.0			18
585	1087786	VSMTKTSVDCTMYICGDS	P0DTC2	0.0			18
586	1087787	VTYVPAQEKNFTTAPAIC	P0DTC2	0.0			18
587	1087791	VYDPLQPELDSFKEELDK	P0DTC2	0.0			18
588	1087793	WLGFIAGLIAIVMVTIML	P0DTC2	0.0			18
589	1087794	WNRKRISNCVADYSVLYN	P0DTC2	0.0			18
590	1087795	WRVYSTGSNVFQTRAGCL	P0DTC2	0.0			18
591	1087797	YFPLQSYGFQPTNGVGYQ	P0DTC2	0.0	0.6666666666666666		18
592	1087798	YHKNNKSWMESEFRVYSS	P0DTC2	0.0			18
593	1087799	YIKWPWYIWLGFIAGLIA	P0DTC2	0.0			18
594	1087806	YNSASFSTFKCYGVSPTK	P0DTC2	0.0			18
595	1087807	YNYLYRLFRKSNLKPFER	P0DTC2	0.0			18
596	1087808	YQAGSTPCNGVEGFNCYF	P0DTC2	0.0			18
597	1087809	YQPYRVVVLSFELLHAPA	P0DTC2	0.0			18
598	1087812	YQTSNFRVQPTESIVRFP	P0DTC2	0.0	1.0		18
599	1087813	YTSALLAGTITSGWTFGA	P0DTC2	0.0			18
600	1087814	YVYSRVKNLNSSRVPDLL	P0DTC4	0.0			18
601	1087815	YYVGYLQPRTFLLKYNEN	P0DTC2	0.0			18
602	1087820	D428, F429, E516	P0DTC2	0.9411764705882353			16
603	1087821	N354	P0DTC2	0.9375			4
604	1087822	T500, N501, G502	P0DTC2	0.8571428571428571			16
605	11038	EAEVQIDRLITGRLQSL	P0DTC2	0.6666666666666666	0.0		17
606	1125015	A372, F374, C379	P0DTC2	1.0			16
607	1125016	F374, S375, T376, F377, C379, F392, D427, E516	P0DTC2	1.0			46
608	1125037	ALWEIQQV	P0DTD1		0.5		8
609	1125053	DLDDFSKQL	P0DTC9		0.0		9
610	1125057	FGDDTVIEV	P0DTD1		1.0		9
611	1125058	FLAFVVFL	P0DTC4		1.0		8
612	1125059	FLFLTWICL	P0DTC5		0.6666666666666666		9
613	1125061	FLYIIKLIFL	P0DTC5		0.0		10
614	1125063	GLTVLPPLL	P0DTC2		0.6666666666666666		9
615	1125078	KLDDKDPNF	P0DTC9		1.0		9
616	1125079	KLLEQWNL	P0DTC5		0.0		8
617	1125080	KLNDLCFTNV	P0DTC2		1.0		10
618	1125138	SLIDLQEL	P0DTC2		0.5		8
619	1125145	WLMWLIINL	P0DTD1		0.3333333333333333		9
620	1125146	YLGTGPEAGL	P0DTC9		1.0		10
621	1127699	ALCEKALKYLPIDKC	P0DTD1	0.0	0.0		15
622	1127822	ALKYLPIDKCSRIIP	P0DTD1		0.0		15
623	1128003	ALYYPSARIVYTACS	P0DTD1	0.0	0.0		15
624	1129180	ARARVECFDKFKVNS	P0DTD1	0.2857142857142857	0.0		15
625	1130115	AVGACVLCNSQTSLR	P0DTD1		0.0		15
626	1130426	CCKCCYDHVISTSHK	P0DTD1	0.0	0.0		15
627	1130447	CGACIRRPFLCCKCC	P0DTD1	0.0	0.0		15
628	1130581	CTERLKLFAAETLKA	P0DTD1	0.0	0.0		15
629	1131160	DDQIGYYRRATRRIR	P0DTC9		0.9166666666666666		15
630	1133510	DNVTDFNAIATCDWT	P0DTD1		0.0		15
631	1135253	DVTDVTQLYLGGMSY	P0DTD1	0.75	0.0		15
632	1135876	ECFDKFKVNSTLEQY	P0DTD1		0.0		15
633	1136882	EFSSNVANYQKVGMQ	P0DTD1		0.0		15
634	1137568	EKGDYGDAVVYRGTT	P0DTD1		0.0		15
635	1139752	ETLKATEETFKLSYG	P0DTD1	0.5	0.0		15
636	1140063	EVLSDRELHLSWEVG	P0DTD1	0.75	0.0		15
637	1140321	FAIGLALYYPSARIV	P0DTD1		0.0		15
638	1140868	FKVNSTLEQYVFCTV	P0DTD1	0.0	0.0		15
639	1140991	FNAIATCDWTNAGDY	P0DTD1	0.0	0.0		15
640	1141109	FPLCANGQVFGLYKN	P0DTD1		0.0		15
641	1142639	GEYTFEKGDYGDAVV	P0DTD1	0.0	0.0		15
642	1142967	GGMSYYCKSHKPPIS	P0DTD1	0.0	0.0		15
643	1143867	GLYKNTCVGSDNVTD	P0DTD1		0.0		15
644	1143868	GLYPTLNISDEFSSN	P0DTD1		0.0		15
645	1143883	GMEVTPSGTWLTYTGAIKLD	P0DTC9		0.42857142857142855		20
646	1146242	HAAVDALCEKALKYL	P0DTD1		0.0		15
647	1146707	HNDILLAKDTTEAFE	P0DTD1		0.6		15
648	1147450	IATVREVLSDRELHL	P0DTD1		0.0		15
649	1148719	ILANTCTERLKLFAA	P0DTD1		0.0		15
650	1149886	ISMATNYDLSVVNAR	P0DTD1	0.75	0.0		15
651	1150853	KAYNVTQAFGRRGPE	P0DTC9	0.25	1.0		15
652	1152750	KLFAAETLKATEETF	P0DTD1		0.0		15
653	1153055	KMVSLLSVLLSMQGA	P0DTC1	0.25	0.0		15
654	1153545	KPPISFPLCANGQVF	P0DTD1	0.0	0.0		15
655	1153610	KPRPPLNRNYVFTGY	P0DTD1		0.0		15
656	1155019	KYSTLQGPPGTGKSH	P0DTD1	0.0	0.0		15
657	1155225	LAKDTTEAFEKMVSL	P0DTC1	0.75	0.0		15
658	1156855	LIRQGTDYKHWPQIA	P0DTC9		1.0		15
659	1157569	LNISDEFSSNVANYQ	P0DTD1	0.75	0.0		15
660	1157678	LNRNYVFTGYRVTKN	P0DTD1	0.0	0.0		15
661	1158827	LRAKHYVYIGDPAQL	P0DTD1		0.0		15
662	1159373	LSVLLSMQGAVDINR	P0DTD1		0.0		15
663	1159742	LVLSVNPYVCNAPGC	P0DTD1		0.0		15
664	1160253	MKDLSPRWYFYYLGT	P0DTC9		0.6666666666666666		15
665	1160254	MKDLSPRWYFYYLGTGPEAG	P0DTC9		0.6666666666666666		20
666	1160684	NAGDYILANTCTERL	P0DTD1	0.0	0.0		15
667	1160723	NALPETTADIVVFDE	P0DTD1		0.0		15
668	1160730	NAPGCDVTDVTQLYL	P0DTD1		0.0		15
669	1161231	NGQVFGLYKNTCVGS	P0DTD1	0.0	0.0		15
670	1162137	NPYVCNAPGCDVTDV	P0DTD1	0.25	0.0		15
671	1162298	NRLCEEMLDNRATLQ	P0DTD1		0.0		15
672	1163184	PIDKCSRIIPARARV	P0DTD1	0.25	0.0		15
673	1163444	PRWYFYYLGTGPEAG	P0DTC9	0.0	1.0		15
674	1163721	QCVQLHNDILLAKDT	P0DTC1	0.0	0.0		15
675	1164040	QGPPGTGKSHFAIGL	P0DTD1		0.0		15
676	1164837	QTSLRCGACIRRPFL	P0DTD1		0.0		15
677	1165516	RELHLSWEVGKPRPP	P0DTD1		0.0		15
678	1167235	RRPFLCCKCCYDHVI	P0DTD1		0.0		15
679	1167599	RVESSSKLWAQCVQL	P0DTC1	0.0	0.3333333333333333		15
680	1167703	RVTKNSKVQIGEYTF	P0DTD1	0.0	0.0		15
681	1167990	SAPTLVPQEHYVRIT	P0DTD1	0.25	0.0		15
682	1168015	SARIVYTACSHAAVD	P0DTD1		0.0		15
683	1169536	SKLWAQCVQLHNDIL	P0DTD1		0.6		15
684	1169540	SKMSDVKCTSVVLLS	P0DTC1	0.0	0.0		15
685	1169630	SKVQIGEYTFEKGDY	P0DTD1		0.0		15
686	1169921	SMQGAVDINRLCEEM	P0DTD1		0.0		15
687	1171295	SRIIPARARVECFDK	P0DTD1		0.0		15
688	1172040	STSHKLVLSVNPYVC	P0DTD1	0.0	0.0		15
689	1172352	SWFTALTQHGKEDLK	P0DTC9		1.0		15
690	1172697	TCDWTNAGDYILANT	P0DTD1		0.0		15
691	1172715	TCVGSDNVTDFNAIA	P0DTD1	0.25	0.0		15
692	1172990	TEETFKLSYGIATVR	P0DTD1		0.0		15
693	1173329	TGKSHFAIGLALYYP	P0DTD1	0.0	0.0		15
694	1173802	TLEQYVFCTVNALPE	P0DTD1		0.0		15
695	1174745	TQLYLGGMSYYCKSH	P0DTD1		0.0		15
696	1175200	TTADIVVFDEISMAT	P0DTD1	1.0	0.0		15
697	1175473	TVMPLSAPTLVPQEH	P0DTD1		0.0		15
698	1175604	TYKLNVGDYFVLTSH	P0DTD1	0.0	0.0		15
699	1176148	VDINRLCEEMLDNRA	P0DTD1		0.0		15
700	1176720	VFCTVNALPETTADI	P0DTD1	0.25	0.0		15
701	1176821	VFTGYRVTKNSKVQI	P0DTD1		0.0		15
702	1177400	VKCTSVVLLSVLQQL	P0DTD1		0.0		15
703	1177593	VLCNSQTSLRCGACI	P0DTD1	0.0	0.0		15
704	1177750	VLQQLRVESSSKLWA	P0DTD1		0.0		15
705	1177791	VLTSHTVMPLSAPTL	P0DTD1	0.25	0.0		15
706	1178335	VPQEHYVRITGLYPT	P0DTD1		0.0		15
707	1179453	VVFDEISMATNYDLS	P0DTD1		0.0		15
708	1179524	VVLLSVLQQLRVESS	P0DTC1	0.25	0.0		15
709	1179552	VVNARLRAKHYVYIG	P0DTD1	0.0	0.0		15
710	1179921	WPQIAQFAPSASAFF	P0DTC9		0.7272727272727273		15
711	1180096	YCKSHKPPISFPLCA	P0DTD1		0.0		15
712	1180170	YDHVISTSHKLVLSV	P0DTD1		0.0		15
713	1180981	YRGTTTYKLNVGDYF	P0DTD1		0.0		15
714	1181136	YTACSHAAVDALCEK	P0DTD1	0.0	0.0		15
715	1181324	L455, A475, G502	P0DTC2	1.0			16
716	1181325	Y449, Y453, L455, F456, E484, G485, F486, Y489, F490, L492, Q493, S494	P0DTC2	1.0			70
717	120150	QLSLPVLQV	P0DTD1		0.0		9
718	120241	TLGVLVPHV	P0DTD1		0.3333333333333333		9
719	120287	VLLSVLQQL	P0DTD1		0.0		9
720	125100	ILLNKHID	P0DTC9		0.6666666666666666		8
721	1295	AFFGMSRIGMEVTPSGTW	P0DTC9	0.0	0.6666666666666666		18
722	1307795	G447, Y449, N450, L452, L455, F456, T470, G482, V483, E484, Y489, F490, L492, Q493, S494	P0DTC2	1.0			88
723	1307796	Y369, S375, F377, K378, C379, Y380, G381, V382, S383, P384, T385, K386, F392, P412, G413, D427, D428, F429, L517	P0DTC2	1.0			112
724	1309094	A348, S349, Y351, A352, G446, Y449, N450, L452, I468, T470, I472, G482, V483, E484, G485, F486, C488, F490, L492, Q493, S494	P0DTC2	1.0			124
725	1309110	CTFEYVSQPFLMDLE	P0DTC2		0.7058823529411765		15
726	1309111	DGVKHVYQLRARSVSPKL	P0DTC7		0.5		18
727	1309112	DQIGYYRRATRRIR	P0DTC9		0.5		14
728	1309113	EFVFKNIDGYFKIYS	P0DTC2	0.16666666666666666	0.625		15
729	1309114	FHPLADNKFALTCFSTQF	P0DTC7		0.5		18
730	1309115	FTSDYYQLY	P0DTC3		0.7647058823529411		9
731	1309116	GAVILRGHLRIAGHHLGR	P0DTC5		0.5		18
732	1309117	GGNYNYLYRLFRKSN	P0DTC2	0.0	0.6		15
733	1309118	GPKKSTNLVKNKCVN	P0DTC2		0.25		15
734	1309119	GVEHVTFFIYNKIVDEPEEH	P0DTC3		0.5		20
735	1309120	GVSPTKLNDLCFTNV	P0DTC2	0.0	0.14285714285714285		15
736	1309121	ILFTRFFYV	P0DTD1		0.42857142857142855		9
737	1309122	KDCVVLHSYFTSDYYQLY	P0DTC3		0.5		18
738	1309123	KHTPINLVRDLPQGF	P0DTC2		0.5		15
739	1309124	KLLEQWNLV	P0DTC5		0.4444444444444444		9
740	1309125	LIDLQELGKYEQYI	P0DTC2		0.5		14
741	1309126	LITLATCELYHYQECVR	P0DTC7		0.5		17
742	1309127	LLESELVIGAVILRGHLR	P0DTC5		0.5		18
743	1309128	LRIAGHHLGRCDIKDLPK	P0DTC5		0.5		18
744	1309129	LSPRWYFYYLGTGPEAGL	P0DTC9		0.6666666666666666		18
745	1309130	MKDLSPRWYFYYL	P0DTC9		0.5		13
746	1309131	MSDNGPQNQRNAPRITF	P0DTC9		0.4		17
747	1309132	NFSQILPDPSKPSKR	P0DTC2	0.14285714285714285	0.7857142857142857		15
748	1309133	NQRNAPRITFGGPSDSTG	P0DTC9		0.5		18
749	1309134	NTASWFTAL	P0DTC9		0.6666666666666666		9
750	1309135	PNFKDQVILLNKHIDAYK	P0DTC9		0.5		18
751	1309136	QRNAPRITF	P0DTC9		0.5714285714285714		9
752	1309137	SIIAYTMSL	P0DTC2	1.0	0.5		9
753	1309138	SMWALIISV	P0DTD1		0.8		9
754	1309139	STECSNLLLQYGSFC	P0DTC2		0.8333333333333334		15
755	1309140	TDEMIAQYTSALLAG	P0DTC2		0.75		15
756	1309141	TLMNVLTLV	P0DTD1		0.7142857142857143		9
757	1309142	TSRTLSYYKLGASQRVA	P0DTC5		0.5		17
758	1309143	YAWNRKRISNCVADY	P0DTC2	0.42857142857142855	0.42857142857142855		15
759	1309144	YEQYIKWPWYIWLGF	P0DTC2		0.375		15
760	1309145	YFLCWHTNCYDYCIPY	P0DTC3		0.5		16
761	1309146	YFTSDYYQLYSTQLSTDTGV	P0DTC3		0.5		20
762	1309147	YLQPRTFLL	P0DTC2		0.9090909090909091		9
763	1309148	R346, K444, G447, Y449, N450, L452, L455, F456, V483, E484, F490, L492, Q493, S494	P0DTC2	1.0			82
764	1309149	R346, K444, Y449, N450, L452, L455, F456, G482, V483, E484, Y489, F490, L492, Q493, S494	P0DTC2	1.0			88
765	1309150	Y369, N370, F374, S375, T376, F377, K378, C379, Y380, G381, V382, S383, P384, T385, K386, L390, R408, D428, T430, L517, L518	P0DTC2	1.0			124
766	1309418	AEIRASANLAATKMSECVLG	P0DTC2	0.5			20
767	1309424	ALTGIAVEQDKNTQEVFAQV	P0DTC2	0.5			20
768	1309426	ANRNRFLYIIK	P0DTC5	0.0			11
769	1309428	APHGVVFLHVTYVPAQEKNF	P0DTC2	0.5			20
770	1309429	ARDLICAQKFNGLTVLPPLL	P0DTC2	0.0			20
771	1309439	ATKMSECVLGQSKRVDFCGK	P0DTC2	0.0			20
772	1309440	ATRFASVYAWNRKRISNCVA	P0DTC2	0.5			20
773	1309441	AYSNNSIAIPTNFTISVTTE	P0DTC2	0.5			20
774	1309442	AYYVGYLQPRTFLLKYNENG	P0DTC2	0.5			20
775	1309443	CMTSCCSCLKGCCSCGSCCK	P0DTC2	1.0			20
776	1309444	DAVRDPQTLEILDITPCSFG	P0DTC2	1.0			20
777	1309447	DFGGFNFSQILPDPSKPSKR	P0DTC2	0.5			20
778	1309450	DPLSETKCTLKSFTVEKGIY	P0DTC2	0.5			20
779	1309451	DSFKEELDKYFKNHTSPDVD	P0DTC2	0.6666666666666666			20
780	1309453	DSLSSTASALGKLQDVVNQN	P0DTC2	0.0			20
781	1309454	DVNCTEVPVAIHADQLTPTW	P0DTC2	0.5			20
782	1309459	EGFNCYFPLQSYGFQPTNGV	P0DTC2	0.5			20
783	1309461	EHVNNSYECDIPIGAGICAS	P0DTC2	0.5			20
784	1309462	EPLVDLPIGINITRFQTLLA	P0DTC2	0.5			20
785	1309463	ESIVRFPNITNLCPFGEVFN	P0DTC2	0.0			20
786	1309464	ESNKKFLPFQQFGRDIADTT	P0DTC2	1.0			20
787	1309467	FDEDDSEPVLKGVKLHYT	P0DTC2	0.5			18
788	1309468	FERDISTEIYQAGSTPCNGV	P0DTC2	0.5			20
789	1309469	FKNHTSPDVDLGDISGINAS	P0DTC2	0.5			20
790	1309470	FKNIDGYFKIYSKHTPINLV	P0DTC2	0.5			20
791	1309471	FNGIGVTQNVLYENQKLIAN	P0DTC2	0.0			20
792	1309472	FSTFKCYGVSPTKLNDLCFT	P0DTC2	0.0			20
793	1309475	GCCSCGSCCKFDEDDSEPVL	P0DTC2	0.5			20
794	1309477	GKLQDVVNQNAQALNTLVKQ	P0DTC2	0.0			20
795	1309478	GNFKNLREFVFKNIDGYFKI	P0DTC2	1.0			20
796	1309480	GVSVITPGTNTSNQVAVLYQ	P0DTC2	0.5			20
797	1309481	GYHLMSFPQSAPHGVVFLHV	P0DTC2	0.0			20
798	1309482	GYQPYRVVVLSFELLHAPAT	P0DTC2	0.5			20
799	1309490	IAWNSNNLDSKVGGNYNYLY	P0DTC2	0.5			20
800	1309491	IHADQLTPTWRVYSTGSNVF	P0DTC2	0.5			20
801	1309492	ILDITPCSFGGVSVITPGTN	P0DTC2	0.5			20
802	1309493	ILPVSMTKTSVDCTMYICGD	P0DTC2	1.0			20
803	1309494	IPFAMQMAYRFNGIGVTQNV	P0DTC2	0.0			20
804	1309497	KAHFPREGVFVSNGTHWFVT	P0DTC2	0.0			20
805	1309501	KLPDDFTGCVIAWNSNNLDS	P0DTC2	0.5			20
806	1309503	KNTQEVFAQVKQIYKTPPIK	P0DTC2	0.5			20
807	1309504	KQIYKTPPIKDFGGFNFSQI	P0DTC2	0.5			20
808	1309505	KSFTVEKGIYQTSNFRVQPT	P0DTC2	0.5			20
809	1309506	KVGGNYNYLYRLFRKSNLKP	P0DTC2	0.5			20
810	1309510	LFLPFFSNVTWFHAIHVSGT	P0DTC2	0.0			20
811	1309512	LGDISGINASVVNIQKEIDR	P0DTC2	1.0			20
812	1309515	LHRSYLTPGDSSSGWTAGAA	P0DTC2	0.5			20
813	1309516	LITGRLQSLQTYVTQQLIRA	P0DTC2	0.5			20
814	1309518	LNEVAKNLNESLIDLQELGK	P0DTC2	0.9090909090909091	1.0		20
815	1309519	LPDPSKPSKRSFIEDLLFNK	P0DTC2	0.6666666666666666			20
816	1309522	LPPAYTNSFTRGVYYPDKVF	P0DTC2	0.5			20
817	1309523	LSSNFGAISSVLNDILSRLD	P0DTC2	0.5			20
818	1309524	LYENQKLIANQFNSAIGKIQ	P0DTC2	0.5			20
819	1309525	MADSNGTITVEELKKLLEQ	P0DTC5	1.0			19
820	1309529	MYSFVSEETGT	P0DTC4	0.0			11
821	1309531	NGLTGTGVLTESNKKFLPFQ	P0DTC2	0.5			20
822	1309532	NGLTVLPPLLTDEMIAQYTS	P0DTC2	0.5			20
823	1309533	NGTKRFDNPVLPFNDGVYFA	P0DTC2	0.5			20
824	1309534	NITRFQTLLALHRSYLTPGD	P0DTC2	0.5			20
825	1309535	NLCPFGEVFNATRFASVYAW	P0DTC2	0.5			20
826	1309536	NNCTFEYVSQPFLMDLEGKQ	P0DTC2	0.5			20
827	1309538	NRKRISNCVADYSVLYNSAS	P0DTC2	0.0			20
828	1309540	NSSRVPDLLV	P0DTC4	0.0			10
829	1309541	NVYADSFVIRGDEVRQIAPG	P0DTC2	1.0			20
830	1309546	PFLMDLEGKQGNFKNLREFV	P0DTC2	0.5			20
831	1309553	PTKLNDLCFTNVYADSFVIR	P0DTC2	0.5			20
832	1309554	QAGSTPCNGVEGFNCYFPLQ	P0DTC2	0.5			20
833	1309555	QCVNLTTRTQLPPAYTNSFT	P0DTC2	0.5			20
834	1309556	QFCNDPFLGVYYHKNNKSWM	P0DTC2	0.5			20
835	1309557	QFGRDIADTTDAVRDPQTLE	P0DTC2	0.5			20
836	1309558	QFNSAIGKIQDSLSSTASAL	P0DTC2	0.5			20
837	1309561	QRNFYEPQIITTDNTFVSGN	P0DTC2	0.5			20
838	1309562	QSKRVDFCGKGYHLMSFPQS	P0DTC2	0.5			20
839	1309563	QTGKIADYNYKLPDDFTGCV	P0DTC2	0.5			20
840	1309564	QTRAGCLIGAEHVNNSYECD	P0DTC2	1.0			20
841	1309565	QTSNFRVQPTESIVRFPNIT	P0DTC2	0.0			20
842	1309566	QYGDCLGDIAARDLICAQKF	P0DTC2	0.5			20
843	1309567	RDLPQGFSALEPLVDLPIGI	P0DTC2	0.5			20
844	1309570	RGVYYPDKVFRSSVLHSTQD	P0DTC2	0.5			20
845	1309573	RLFRKSNLKPFERDISTEIY	P0DTC2	0.5			20
846	1309574	RSSVLHSTQDLFLPFFSNVT	P0DTC2	0.5			20
847	1309576	RVYSTGSNVFQTRAGCLIGA	P0DTC2	1.0			20
848	1309577	SFELLHAPATVCGPKKSTNL	P0DTC2	0.5			20
849	1309578	SFIEDLLFNKVTLADAGFIK	P0DTC2	0.5			20
850	1309581	SLIDLQELGKYEQYIKWPWY	P0DTC2	0.5			20
851	1309584	SSDNIALLVQ	P0DTC5	0.5			10
852	1309585	SSSGWTAGAAAYYVGYLQPR	P0DTC2	0.5			20
853	1309586	STECSNLLLQYGSFCTQLNR	P0DTC2	1.0			20
854	1309587	STEKSNIIRGWIFGTTLDSK	P0DTC2	0.5			20
855	1309588	SVASQSIIAYTMSLGAENSV	P0DTC2	0.0			20
856	1309589	SYGFQPTNGVGYQPYRVVVL	P0DTC2	0.5			20
857	1309590	TALRLCAYCC	P0DTC4	0.5			10
858	1309592	TFLLKYNENGTITDAVDCAL	P0DTC2	0.5			20
859	1309593	TITDAVDCALDPLSETKCTL	P0DTC2	0.5			20
860	1309595	TNFTISVTTEILPVSMTKTS	P0DTC2	1.0			20
861	1309596	TSNQVAVLYQDVNCTEVPVA	P0DTC2	0.5			20
862	1309597	TTAPAICHDGKAHFPREGVF	P0DTC2	1.0			20
863	1309598	TVYDPLQPELDSFKEELDKY	P0DTC2	0.5			20
864	1309599	TYVPAQEKNFTTAPAICHDG	P0DTC2	0.5			20
865	1309600	TYVTQQLIRAAEIRASANLA	P0DTC2	0.5			20
866	1309602	VCGPKKSTNLVKNKCVNFNF	P0DTC2	1.0			20
867	1309603	VKNKCVNFNFNGLTGTGVLT	P0DTC2	0.5			20
868	1309604	VLNDILSRLDKVEAEVQIDR	P0DTC2	0.5			20
869	1309605	VSNGTHWFVTQRNFYEPQII	P0DTC2	0.5			20
870	1309606	VTLADAGFIKQYGDCLGDIA	P0DTC2	0.5			20
871	1309608	VVNIQKEIDRLNEVAKNLNE	P0DTC2	0.5			20
872	1309611	WFHAIHVSGTNGTKRFDNPV	P0DTC2	0.5			20
873	1309613	WTFGAGAALQIPFAMQMAYR	P0DTC2	0.0			20
874	1309616	YEQYIKWPWYIWLGFIAGLI	P0DTC2	0.5			20
875	1309617	YGSFCTQLNRALTGIAVEQD	P0DTC2	0.5			20
876	1309618	YRINWITGGI	P0DTC5	0.0			10
877	1309621	YSKHTPINLVRDLPQGFSAL	P0DTC2	0.5			20
878	1309624	YYHKNNKSWMESEFRVYSSA	P0DTC2	0.5			20
879	1309651	AAIVLQLPQGTTLPKGF	P0DTC9		0.0		17
880	1309656	AAYYVGYL	P0DTC2		1.0		8
881	1309657	ACLVGLMWLSYFIASFR	P0DTC5		0.0		17
882	1309658	AFVVFLLVTLAILTALR	P0DTC4		0.0		17
883	1309659	AGNGGDAALALLLLDRL	P0DTC9		0.0		17
884	1309662	ALALLLLDRLNQLESKM	P0DTC9		0.0		17
885	1309663	ALRLCAYCCNIVNVSLV	P0DTC4		0.0		17
886	1309668	ASQRVAGDSGFAAYSRY	P0DTC5		0.0		17
887	1309669	ASWFTALTQHGKEDLKF	P0DTC9		0.0		17
888	1309670	ATEGALNTPKDHIGTRN	P0DTC9		0.0		17
889	1309672	AYNVTQAFGRRGPEQTQ	P0DTC9		0.0		17
890	1309673	AYYVGYLQP	P0DTC2		1.0		9
891	1309676	CCNIVNVSLVKPSFYVY	P0DTC4		0.0		17
892	1309677	CFVLAAVYRINWITGGI	P0DTC5		0.0		17
893	1309681	DAYKTFPPTEPKKDKKK	P0DTC9		0.0		17
894	1309683	DQELIRQGTDYKHWPQI	P0DTC9		0.0		17
895	1309684	DRLNQLESKMSGKGQQQ	P0DTC9		0.0		17
896	1309685	DSGFAAYSRYRIGNYKL	P0DTC5		0.0		17
897	1309686	DSTGSNQNGERSGARSK	P0DTC9		0.0		17
898	1309689	EASKKPRQKRTATKAYN	P0DTC9		0.0		17
899	1309706	ETGTLIVNSVLLFLAFV	P0DTC4		0.0		17
900	1309708	EVTPSGTWLTYTGAIKL	P0DTC9		0.0		17
901	1309714	FGRRGPEQTQGNFGDQE	P0DTC9		0.0		17
902	1309722	GAVILRGHLRIAGHHLG	P0DTC5		0.0		17
903	1309752	GGIAIAMACLVGLMWLS	P0DTC5		0.0		17
904	1309753	GKMKDLSPRWYFYYLGT	P0DTC9		0.0		17
905	1309756	GKYEQYIKW	P0DTC2		1.0		9
906	1309757	GLPYGANKDGIIWVATE	P0DTC9		0.0		17
907	1309758	GMSRIGMEVTPSGTWLT	P0DTC9		0.0		17
908	1309763	GTDYKHWPQIAQFAPSA	P0DTC9		0.0		17
909	1309764	GTSPARMAGNGGDAALA	P0DTC9		0.0		17
910	1309765	GVPINTNSSPDDQIGYY	P0DTC9		0.0		17
911	1309767	GYYRRATRRIRGGDGKM	P0DTC9		0.0		17
912	1309772	HLGRCDIKDLPKEITVA	P0DTC5		0.0		17
913	1309773	HLRIAGHHLGRCDIKDL	P0DTC5		0.0		17
914	1309779	IIAYTMSL	P0DTC2		1.0		8
915	1309780	IKLDDKDPNFKDQVILL	P0DTC9		0.0		17
916	1309781	ILLNKHIDAYKTFPPTE	P0DTC9		0.0		17
917	1309787	ITFGGPSDSTGSNQNGE	P0DTC9		0.0		17
918	1309788	ITVEELKKLLEQWNLVI	P0DTC5		0.0		17
919	1309791	KDGIIWVATEGALNTPK	P0DTC9		1.0		17
920	1309792	KDLPKEITVATSRTLSY	P0DTC5		0.0		17
921	1309796	KGFYAEGSRGGSQASSR	P0DTC9		0.0		17
922	1309797	KKKKADETQALPQRQKK	P0DTC9		0.0		17
923	1309799	KLIFLWLLWPVTLACFV	P0DTC5		0.0		17
924	1309800	KLLEQWNLVIGFLFLTW	P0DTC5		0.0		17
925	1309824	KRFDNPVL	P0DTC2		0.5		8
926	1309829	KYEQYIKWP	P0DTC2		1.0		9
927	1309844	LDDFSKQLQQSMSSADS	P0DTC9		0.0		17
928	1309846	LESELVIGAVILRGHLR	P0DTC5		0.0		17
929	1309848	LGTGPEAGLPYGANKDG	P0DTC9		0.0		17
930	1309849	LKFPRGQGVPINTNSSP	P0DTC9		0.0		17
931	1309853	LNVPLHGTILTRPLLES	P0DTC5		0.0		17
932	1309868	LQQSMSSADSTQA	P0DTC9		0.0		13
933	1309870	LSFELLHA	P0DTC2		1.0		8
934	1309871	LSYYKLGASQRVAGDSG	P0DTC5		0.0		17
935	1309872	LTWICLLQFAYANRNRF	P0DTC5		0.0		17
936	1309873	LVIGFLFLTWICLLQFA	P0DTC5		0.0		17
937	1309874	LWPVTLACFVLAAVYRI	P0DTC5		0.0		17
938	1309877	MADSNGTITVEELKKLL	P0DTC5		0.0		17
939	1309883	MYSFVSEETGTLIVNSV	P0DTC4	0.6666666666666666	0.0		17
940	1309887	NGERSGARSKQRRPQGL	P0DTC9		0.0		17
941	1309889	NLNSSRVPDLLV	P0DTC4		0.0		12
942	1309891	NPETNILLNVPLHGTIL	P0DTC5		0.0		17
943	1309905	NQRNAPRITFGGPSDST	P0DTC9		1.0		17
944	1309906	NRFLYIIKLIFLWLLWP	P0DTC5		0.0		17
945	1309907	NSVLLFLAFVVFLLVTL	P0DTC4		0.0		17
946	1309908	NSYECDIP	P0DTC2		1.0		8
947	1309919	PNFKDQVILLNKHIDAY	P0DTC9		0.0		17
948	1309920	PQGTTLPKGFYAEGSRG	P0DTC9		0.0		17
949	1309921	PQIAQFAPSASAFFGMS	P0DTC9		0.0		17
950	1309922	PRWYFYYLGTGPEAGLP	P0DTC9		0.0		17
951	1309923	PSASAFFGMSRIGMEVT	P0DTC9		0.0		17
952	1309924	PTEPKKDKKKKADETQA	P0DTC9		0.0		17
953	1309925	QFAYANRNRFLYIIKLI	P0DTC5		0.0		17
954	1309926	QGLPNNTASWFTALTQH	P0DTC9		0.0		17
955	1309930	QKKQQTVTLLPAADLDD	P0DTC9		0.0		17
956	1309931	QKRTATKAYNVTQAFGR	P0DTC9		0.0		17
957	1309934	QQQQGQTVTKKSAAEAS	P0DTC9		0.0		17
958	1309936	QTQGNFGDQELIRQGTD	P0DTC9		0.0		17
959	1309957	RRIRGGDGKMKDLSPRW	P0DTC9		0.0		17
960	1309958	RSKQRRPQGLPNNTASW	P0DTC9		0.0		17
961	1309960	SFRLFARTRSMWSFNPE	P0DTC5		0.0		17
962	1309961	SKMSGKGQQQQGQTVTK	P0DTC9		0.0		17
963	1309964	SLVKPSFYVYSRVKNLN	P0DTC4		0.0		17
964	1309965	SRGGSQASSRSSSRSRN	P0DTC9		0.0		17
965	1309966	SRNSSRNSTPGSSRGTS	P0DTC9		0.0		17
966	1309967	SRYRIGNYKLNTDHSSS	P0DTC5		0.0		17
967	1309969	SSPDDQIGYYRRATRRI	P0DTC9		0.0		17
968	1309970	SSRSSSRSRNSSRNSTP	P0DTC9		0.0		17
969	1309971	SSSSDNIALLVQ	P0DTC5	1.0	0.0		12
970	1309973	STPGSSRGTSPARMAGN	P0DTC9		0.0		17
971	1309978	TILTRPLLESELVIGAV	P0DTC5		1.0		17
972	1309980	TLLPAADLDDFSKQLQQ	P0DTC9		0.0		17
973	1309984	TPKDHIGTRNPANNAAI	P0DTC9		0.0		17
974	1309985	TQALPQRQKKQQTVTLL	P0DTC9		0.0		17
975	1309986	TQHGKEDLKFPRGQGVP	P0DTC9		0.0		17
976	1309987	TRNPANNAAIVLQLPQG	P0DTC9		0.0		17
977	1309988	TRSMWSFNPETNILLNV	P0DTC5		0.0		17
978	1309990	TVATSRTLSYYKLGASQ	P0DTC5		1.0		17
979	1309994	VNFNFNGLT	P0DTC2		1.0		9
980	1309995	VNNSYECD	P0DTC2		1.0		8
981	1309996	VNNSYECDI	P0DTC2		1.0		9
982	1309999	VTKKSAAEASKKPRQKR	P0DTC9		0.0		17
983	1310000	VTLAILTALRLCAYCCN	P0DTC4		0.0		17
984	1310002	VVLSFELL	P0DTC2		1.0		8
985	1310003	VVLSFELLH	P0DTC2		1.0		9
986	1310004	WLSYFIASFRLFARTRS	P0DTC5		0.0		17
987	1310005	WLTYTGAIKLDDKDPNF	P0DTC9		0.0		17
988	1310013	YKLNTDHSSSSDNIALL	P0DTC5		0.0		17
989	1310031	YRINWITGGIAIAMACL	P0DTC5		0.0		17
990	1310032	YVYSRVKNLNSSRVPDL	P0DTC4		0.0		17
991	1310037	G446, Y449, F456, A475, V483, E484, G485, F486, N487, Y489, Q493	P0DTC2	1.0			64
992	1310038	R403, D405, T415, G416, K417, D420, Y421, Y453, L455, F456, R457, K458, N460, Y473, A475, G476, S477, F486, N487, Y489, Q493, S494, Y495, G496, T500, N501, G502, Y505	P0DTC2	1.0			166
993	1310054	ADETQALPQRQKKQQ	P0DTC9	0.0	0.0		15
994	1310061	ALPQRQKKQQTVTLL	P0DTC9	1.0	0.0		15
995	1310077	DDFSKQLQQSMSSAD	P0DTC9		0.0		15
996	1310080	DKKKKADETQALPQR	P0DTC9	1.0	0.0		15
997	1310109	HIDAYKTFPPTEPKK	P0DTC9	1.0	0.5		15
998	1310166	PAADLDDFSKQLQQS	P0DTC9	0.25	0.0		15
999	1310178	QKKQQTVTLLPAADL	P0DTC9	0.6	0.6666666666666666		15
